acousticness	0.1097188875	%
danceability	0.26546052631578937	%
energy	0.8363013157894736	%
instrumentalness	0.4812791415789474	%
loudness	-7.02627631578947	 db (-60 to 0)
tempo	121.63961842105259	 bpm (0-250)
valence	0.2150065789473684	%
duration_ms	308907.09210526315	 (min:sec.ms)
popularity	39.9625	 (0-100)
